{
  "model_name": "Task Embeddings (LLM Descriptions)",
  "n_samples": 323,
  "n_dims": 1536,
  "intrinsic": {
    "mean": -0.002858900697901845,
    "std": 0.17703616619110107,
    "min": -0.4041700065135956,
    "max": 0.9808946251869202
  },
  "geometry": {
    "effective_rank": 70.87066650390625,
    "mean_similarity": 0.0156820341953705,
    "hubness_skewness": 0.5283305048942566,
    "hubness_k": 5
  }
}